{
    "cities": [
        {
            "name": "Paris",
            "slug": "paris",
            "postalCode": "75001",
            "region": "Île-de-France",
            "monument": "la Tour Eiffel",
            "landmark": "les Champs-Élysées",
            "specificity": "la ville lumière et capitale mondiale de l'art"
        },
        {
            "name": "Marseille",
            "slug": "marseille",
            "postalCode": "13001",
            "region": "Provence-Alpes-Côte d'Azur",
            "monument": "le Vieux-Port",
            "landmark": "la basilique Notre-Dame de la Garde",
            "specificity": "le plus grand port de France et son ambiance méditerranéenne"
        },
        {
            "name": "Lyon",
            "slug": "lyon",
            "postalCode": "69001",
            "region": "Auvergne-Rhône-Alpes",
            "monument": "la basilique de Fourvière",
            "landmark": "le quartier du Vieux Lyon",
            "specificity": "la capitale gastronomique française"
        },
        {
            "name": "Toulouse",
            "slug": "toulouse",
            "postalCode": "31000",
            "region": "Occitanie",
            "monument": "la place du Capitole",
            "landmark": "le canal du Midi",
            "specificity": "la ville rose et centre de l'industrie aérospatiale"
        },
        {
            "name": "Nice",
            "slug": "nice",
            "postalCode": "06000",
            "region": "Provence-Alpes-Côte d'Azur",
            "monument": "la Promenade des Anglais",
            "landmark": "le Vieux-Nice",
            "specificity": "la capitale de la Côte d'Azur"
        },
        {
            "name": "Nantes",
            "slug": "nantes",
            "postalCode": "44000",
            "region": "Pays de la Loire",
            "monument": "le château des Ducs de Bretagne",
            "landmark": "les Machines de l'Île",
            "specificity": "une ville d'art et d'histoire au carrefour de la Loire"
        },
        {
            "name": "Strasbourg",
            "slug": "strasbourg",
            "postalCode": "67000",
            "region": "Grand Est",
            "monument": "la cathédrale Notre-Dame",
            "landmark": "la Petite France",
            "specificity": "capitale européenne et son célèbre marché de Noël"
        },
        {
            "name": "Montpellier",
            "slug": "montpellier",
            "postalCode": "34000",
            "region": "Occitanie",
            "monument": "la place de la Comédie",
            "landmark": "le quartier de l'Écusson",
            "specificity": "ville universitaire dynamique proche de la Méditerranée"
        },
        {
            "name": "Bordeaux",
            "slug": "bordeaux",
            "postalCode": "33000",
            "region": "Nouvelle-Aquitaine",
            "monument": "la place de la Bourse",
            "landmark": "le Miroir d'Eau",
            "specificity": "capitale mondiale du vin"
        },
        {
            "name": "Lille",
            "slug": "lille",
            "postalCode": "59000",
            "region": "Hauts-de-France",
            "monument": "la Grand'Place",
            "landmark": "le Vieux-Lille",
            "specificity": "carrefour culturel entre Paris et la Belgique"
        },
        {
            "name": "Rennes",
            "slug": "rennes",
            "postalCode": "35000",
            "region": "Bretagne",
            "monument": "le Parlement de Bretagne",
            "landmark": "la place des Lices",
            "specificity": "capitale bretonne réputée pour son dynamisme économique"
        },
        {
            "name": "Reims",
            "slug": "reims",
            "postalCode": "51100",
            "region": "Grand Est",
            "monument": "la cathédrale Notre-Dame",
            "landmark": "les maisons de champagne",
            "specificity": "ville du sacre des rois et capitale du champagne"
        },
        {
            "name": "Saint-Étienne",
            "slug": "saint-etienne",
            "postalCode": "42000",
            "region": "Auvergne-Rhône-Alpes",
            "monument": "le musée d'Art et d'Industrie",
            "landmark": "le Parc Naturel du Pilat",
            "specificity": "ville créative UNESCO du design"
        },
        {
            "name": "Toulon",
            "slug": "toulon",
            "postalCode": "83000",
            "region": "Provence-Alpes-Côte d'Azur",
            "monument": "le port militaire",
            "landmark": "le mont Faron",
            "specificity": "premier port militaire de France"
        },
        {
            "name": "Le Havre",
            "slug": "le-havre",
            "postalCode": "76600",
            "region": "Normandie",
            "monument": "l'église Saint-Joseph",
            "landmark": "le centre-ville reconstruit par Auguste Perret",
            "specificity": "patrimoine mondial UNESCO d'architecture moderne"
        },
        {
            "name": "Grenoble",
            "slug": "grenoble",
            "postalCode": "38000",
            "region": "Auvergne-Rhône-Alpes",
            "monument": "la Bastille",
            "landmark": "les téléphériques urbains",
            "specificity": "capitale des Alpes et ville d'innovation"
        },
        {
            "name": "Dijon",
            "slug": "dijon",
            "postalCode": "21000",
            "region": "Bourgogne-Franche-Comté",
            "monument": "le Palais des Ducs",
            "landmark": "la chouette de Notre-Dame",
            "specificity": "capitale de la Bourgogne et de la gastronomie"
        },
        {
            "name": "Angers",
            "slug": "angers",
            "postalCode": "49000",
            "region": "Pays de la Loire",
            "monument": "le château d'Angers",
            "landmark": "la tapisserie de l'Apocalypse",
            "specificity": "ville verte au cœur du Val de Loire"
        },
        {
            "name": "Nîmes",
            "slug": "nimes",
            "postalCode": "30000",
            "region": "Occitanie",
            "monument": "les Arènes romaines",
            "landmark": "la Maison Carrée",
            "specificity": "ville d'art romain héritage de l'antiquité"
        },
        {
            "name": "Villeurbanne",
            "slug": "villeurbanne",
            "postalCode": "69100",
            "region": "Auvergne-Rhône-Alpes",
            "monument": "les Gratte-Ciels",
            "landmark": "le Théâtre National Populaire",
            "specificity": "ville culturelle aux portes de Lyon"
        },
        {
            "name": "Clermont-Ferrand",
            "slug": "clermont-ferrand",
            "postalCode": "63000",
            "region": "Auvergne-Rhône-Alpes",
            "monument": "la cathédrale en pierre de Volvic",
            "landmark": "la chaîne des Puys",
            "specificity": "capitale de l'Auvergne au pied des volcans"
        },
        {
            "name": "Le Mans",
            "slug": "le-mans",
            "postalCode": "72000",
            "region": "Pays de la Loire",
            "monument": "la cathédrale Saint-Julien",
            "landmark": "la Cité Plantagenêt",
            "specificity": "ville historique célèbre pour ses 24 heures"
        },
        {
            "name": "Aix-en-Provence",
            "slug": "aix-en-provence",
            "postalCode": "13100",
            "region": "Provence-Alpes-Côte d'Azur",
            "monument": "la fontaine de la Rotonde",
            "landmark": "le cours Mirabeau",
            "specificity": "ville d'art et d'eaux, patrie de Cézanne"
        },
        {
            "name": "Brest",
            "slug": "brest",
            "postalCode": "29200",
            "region": "Bretagne",
            "monument": "le château de Brest",
            "landmark": "Océanopolis",
            "specificity": "grande cité maritime à la pointe de la Bretagne"
        },
        {
            "name": "Tours",
            "slug": "tours",
            "postalCode": "37000",
            "region": "Centre-Val de Loire",
            "monument": "la cathédrale Saint-Gatien",
            "landmark": "la place Plumereau",
            "specificity": "jardin de la France au cœur des châteaux de la Loire"
        },
        {
            "name": "Limoges",
            "slug": "limoges",
            "postalCode": "87000",
            "region": "Nouvelle-Aquitaine",
            "monument": "la gare des Bénédictins",
            "landmark": "le quartier de la Boucherie",
            "specificity": "capitale mondiale de la porcelaine"
        },
        {
            "name": "Amiens",
            "slug": "amiens",
            "postalCode": "80000",
            "region": "Hauts-de-France",
            "monument": "la cathédrale Notre-Dame",
            "landmark": "les hortillonnages",
            "specificity": "plus grande cathédrale gothique de France"
        },
        {
            "name": "Perpignan",
            "slug": "perpignan",
            "postalCode": "66000",
            "region": "Occitanie",
            "monument": "le Palais des Rois de Majorque",
            "landmark": "le Castillet",
            "specificity": "ville catalane entre mer et montagne"
        },
        {
            "name": "Metz",
            "slug": "metz",
            "postalCode": "57000",
            "region": "Grand Est",
            "monument": "la cathédrale Saint-Étienne",
            "landmark": "le Centre Pompidou-Metz",
            "specificity": "ville aux trois mille ans d'histoire"
        },
        {
            "name": "Besançon",
            "slug": "besancon",
            "postalCode": "25000",
            "region": "Bourgogne-Franche-Comté",
            "monument": "la citadelle Vauban",
            "landmark": "la boucle du Doubs",
            "specificity": "capitale de l'horlogerie française"
        },
        {
            "name": "Orléans",
            "slug": "orleans",
            "postalCode": "45000",
            "region": "Centre-Val de Loire",
            "monument": "la cathédrale Sainte-Croix",
            "landmark": "la maison de Jeanne d'Arc",
            "specificity": "ville de Jeanne d'Arc sur les bords de Loire"
        },
        {
            "name": "Rouen",
            "slug": "rouen",
            "postalCode": "76000",
            "region": "Normandie",
            "monument": "la cathédrale Notre-Dame",
            "landmark": "le Gros-Horloge",
            "specificity": "ville aux cent clochers chère à Monet"
        },
        {
            "name": "Mulhouse",
            "slug": "mulhouse",
            "postalCode": "68100",
            "region": "Grand Est",
            "monument": "le Temple Saint-Étienne",
            "landmark": "la Cité de l'Automobile",
            "specificity": "capitale industrielle d'Alsace"
        },
        {
            "name": "Caen",
            "slug": "caen",
            "postalCode": "14000",
            "region": "Normandie",
            "monument": "le château de Guillaume le Conquérant",
            "landmark": "le Mémorial de Caen",
            "specificity": "ville ducale au cœur de la Normandie"
        },
        {
            "name": "Nancy",
            "slug": "nancy",
            "postalCode": "54000",
            "region": "Grand Est",
            "monument": "la place Stanislas",
            "landmark": "l'école de Nancy Art Nouveau",
            "specificity": "joyau architectural du XVIIIe siècle"
        },
        {
            "name": "Saint-Denis",
            "slug": "saint-denis",
            "postalCode": "93200",
            "region": "Île-de-France",
            "monument": "la basilique cathédrale",
            "landmark": "le Stade de France",
            "specificity": "nécropole royale et ville olympique"
        },
        {
            "name": "Argenteuil",
            "slug": "argenteuil",
            "postalCode": "95100",
            "region": "Île-de-France",
            "monument": "la basilique Saint-Denys",
            "landmark": "les bords de Seine",
            "specificity": "ville d'art ayant inspiré les Impressionnistes"
        },
        {
            "name": "Roubaix",
            "slug": "roubaix",
            "postalCode": "59100",
            "region": "Hauts-de-France",
            "monument": "La Piscine, musée d'Art et d'Industrie",
            "landmark": "les anciennes manufactures textiles",
            "specificity": "ville du textile et de la création"
        },
        {
            "name": "Tourcoing",
            "slug": "tourcoing",
            "postalCode": "59200",
            "region": "Hauts-de-France",
            "monument": "l'église Saint-Christophe",
            "landmark": "le MUba Eugène Leroy",
            "specificity": "ville d'art aux portes de la Belgique"
        },
        {
            "name": "Dunkerque",
            "slug": "dunkerque",
            "postalCode": "59140",
            "region": "Hauts-de-France",
            "monument": "le beffroi Saint-Éloi",
            "landmark": "la plage de Malo-les-Bains",
            "specificity": "port du Nord célèbre pour son carnaval"
        },
        {
            "name": "Avignon",
            "slug": "avignon",
            "postalCode": "84000",
            "region": "Provence-Alpes-Côte d'Azur",
            "monument": "le Palais des Papes",
            "landmark": "le pont Saint-Bénézet",
            "specificity": "cité des papes et capitale du théâtre"
        },
        {
            "name": "Poitiers",
            "slug": "poitiers",
            "postalCode": "86000",
            "region": "Nouvelle-Aquitaine",
            "monument": "l'église Notre-Dame-la-Grande",
            "landmark": "le Futuroscope",
            "specificity": "ville universitaire millénaire"
        },
        {
            "name": "Créteil",
            "slug": "creteil",
            "postalCode": "94000",
            "region": "Île-de-France",
            "monument": "la cathédrale Notre-Dame",
            "landmark": "le lac de Créteil",
            "specificity": "préfecture du Val-de-Marne en plein renouveau"
        },
        {
            "name": "Nanterre",
            "slug": "nanterre",
            "postalCode": "92000",
            "region": "Île-de-France",
            "monument": "la cathédrale Sainte-Geneviève-Saint-Maurice",
            "landmark": "le quartier d'affaires La Défense",
            "specificity": "ville entre patrimoine et modernité"
        },
        {
            "name": "Versailles",
            "slug": "versailles",
            "postalCode": "78000",
            "region": "Île-de-France",
            "monument": "le château de Versailles",
            "landmark": "les jardins de Le Nôtre",
            "specificity": "ancienne résidence royale classée UNESCO"
        },
        {
            "name": "Pau",
            "slug": "pau",
            "postalCode": "64000",
            "region": "Nouvelle-Aquitaine",
            "monument": "le château Henri IV",
            "landmark": "le boulevard des Pyrénées",
            "specificity": "porte des Pyrénées au panorama exceptionnel"
        },
        {
            "name": "La Rochelle",
            "slug": "la-rochelle",
            "postalCode": "17000",
            "region": "Nouvelle-Aquitaine",
            "monument": "les Tours du Vieux-Port",
            "landmark": "l'Aquarium de La Rochelle",
            "specificity": "cité maritime tournée vers l'Atlantique"
        },
        {
            "name": "Antibes",
            "slug": "antibes",
            "postalCode": "06600",
            "region": "Provence-Alpes-Côte d'Azur",
            "monument": "le Port Vauban",
            "landmark": "le musée Picasso",
            "specificity": "perle de la Côte d'Azur aux remparts historiques"
        },
        {
            "name": "Cannes",
            "slug": "cannes",
            "postalCode": "06400",
            "region": "Provence-Alpes-Côte d'Azur",
            "monument": "le Palais des Festivals",
            "landmark": "la Croisette",
            "specificity": "capitale mondiale du cinéma"
        },
        {
            "name": "Béziers",
            "slug": "beziers",
            "postalCode": "34500",
            "region": "Occitanie",
            "monument": "la cathédrale Saint-Nazaire",
            "landmark": "les écluses de Fonseranes",
            "specificity": "ville viticole au patrimoine cathare"
        },
        {
            "name": "Calais",
            "slug": "calais",
            "postalCode": "62100",
            "region": "Hauts-de-France",
            "monument": "les Bourgeois de Calais de Rodin",
            "landmark": "l'Hôtel de Ville et son beffroi",
            "specificity": "premier port de voyageurs de France"
        },
        {
            "name": "Ajaccio",
            "slug": "ajaccio",
            "postalCode": "20000",
            "region": "Corse",
            "monument": "la maison natale de Napoléon",
            "landmark": "le golfe d'Ajaccio",
            "specificity": "capitale de la Corse et patrie de l'Empereur"
        },
        {
            "name": "Boulogne-Billancourt",
            "slug": "boulogne-billancourt",
            "postalCode": "92100",
            "region": "Île-de-France",
            "monument": "le musée des Années Trente",
            "landmark": "le Parc de Billancourt",
            "specificity": "ville du cinéma et de l'industrie automobile"
        },
        {
            "name": "Saint-Malo",
            "slug": "saint-malo",
            "postalCode": "35400",
            "region": "Bretagne",
            "monument": "les remparts de la cité corsaire",
            "landmark": "le Grand Bé",
            "specificity": "cité corsaire légendaire sur la Manche"
        },
        {
            "name": "Colmar",
            "slug": "colmar",
            "postalCode": "68000",
            "region": "Grand Est",
            "monument": "le musée Unterlinden",
            "landmark": "la Petite Venise",
            "specificity": "capitale des vins d'Alsace"
        },
        {
            "name": "Troyes",
            "slug": "troyes",
            "postalCode": "10000",
            "region": "Grand Est",
            "monument": "la cathédrale Saint-Pierre-et-Saint-Paul",
            "landmark": "le bouchon de champagne (vieille ville)",
            "specificity": "capitale historique de la Champagne aux maisons à colombages"
        },
        {
            "name": "Valence",
            "slug": "valence",
            "postalCode": "26000",
            "region": "Auvergne-Rhône-Alpes",
            "monument": "la maison des Têtes",
            "landmark": "le parc Jouvet",
            "specificity": "porte du Midi sur le Rhône"
        },
        {
            "name": "Quimper",
            "slug": "quimper",
            "postalCode": "29000",
            "region": "Bretagne",
            "monument": "la cathédrale Saint-Corentin",
            "landmark": "les faïenceries de Quimper",
            "specificity": "capitale de la Cornouaille et de l'art breton"
        },
        {
            "name": "Lorient",
            "slug": "lorient",
            "postalCode": "56100",
            "region": "Bretagne",
            "monument": "la base de sous-marins",
            "landmark": "le Festival Interceltique",
            "specificity": "ancienne cité de la Compagnie des Indes"
        },
        {
            "name": "Chambéry",
            "slug": "chambery",
            "postalCode": "73000",
            "region": "Auvergne-Rhône-Alpes",
            "monument": "le château des Ducs de Savoie",
            "landmark": "la fontaine des Éléphants",
            "specificity": "ancienne capitale du duché de Savoie"
        },
        {
            "name": "Bayonne",
            "slug": "bayonne",
            "postalCode": "64100",
            "region": "Nouvelle-Aquitaine",
            "monument": "la cathédrale Sainte-Marie",
            "landmark": "les quais de la Nive",
            "specificity": "capitale du chocolat et du jambon basque"
        },
        {
            "name": "Biarritz",
            "slug": "biarritz",
            "postalCode": "64200",
            "region": "Nouvelle-Aquitaine",
            "monument": "le Rocher de la Vierge",
            "landmark": "la Grande Plage",
            "specificity": "station balnéaire de renommée mondiale"
        },
        {
            "name": "Beauvais",
            "slug": "beauvais",
            "postalCode": "60000",
            "region": "Hauts-de-France",
            "monument": "la cathédrale Saint-Pierre",
            "landmark": "l'horloge astronomique",
            "specificity": "ville de la tapisserie et du gothique"
        },
        {
            "name": "Vannes",
            "slug": "vannes",
            "postalCode": "56000",
            "region": "Bretagne",
            "monument": "les remparts médiévaux",
            "landmark": "le port de plaisance",
            "specificity": "porte du Golfe du Morbihan"
        },
        {
            "name": "Chartres",
            "slug": "chartres",
            "postalCode": "28000",
            "region": "Centre-Val de Loire",
            "monument": "la cathédrale Notre-Dame",
            "landmark": "les vitraux médiévaux",
            "specificity": "chef-d'œuvre mondial de l'art gothique"
        },
        {
            "name": "Saint-Nazaire",
            "slug": "saint-nazaire",
            "postalCode": "44600",
            "region": "Pays de la Loire",
            "monument": "la Base sous-marine",
            "landmark": "les chantiers navals",
            "specificity": "grand port de construction navale"
        },
        {
            "name": "Bourges",
            "slug": "bourges",
            "postalCode": "18000",
            "region": "Centre-Val de Loire",
            "monument": "la cathédrale Saint-Étienne",
            "landmark": "le Palais Jacques-Cœur",
            "specificity": "capitale du Berry et ville d'art"
        },
        {
            "name": "Cherbourg-en-Cotentin",
            "slug": "cherbourg",
            "postalCode": "50100",
            "region": "Normandie",
            "monument": "la Cité de la Mer",
            "landmark": "la rade de Cherbourg",
            "specificity": "port stratégique de la Manche"
        },
        {
            "name": "La Seyne-sur-Mer",
            "slug": "la-seyne-sur-mer",
            "postalCode": "83500",
            "region": "Provence-Alpes-Côte d'Azur",
            "monument": "le fort Balaguier",
            "landmark": "les plages des Sablettes",
            "specificity": "ancienne cité navale de la rade de Toulon"
        },
        {
            "name": "Sarcelles",
            "slug": "sarcelles",
            "postalCode": "95200",
            "region": "Île-de-France",
            "monument": "l'église Saint-Pierre-Saint-Paul",
            "landmark": "le grand ensemble des années 60",
            "specificity": "ville multiculturelle aux portes de Paris"
        },
        {
            "name": "Montreuil",
            "slug": "montreuil",
            "postalCode": "93100",
            "region": "Île-de-France",
            "monument": "les murs à pêches historiques",
            "landmark": "le cinéma Le Méliès",
            "specificity": "ville créative et artistique de l'Est parisien"
        },
        {
            "name": "Hyères",
            "slug": "hyeres",
            "postalCode": "83400",
            "region": "Provence-Alpes-Côte d'Azur",
            "monument": "la villa Noailles",
            "landmark": "les îles d'Or (Porquerolles)",
            "specificity": "première station climatique et balnéaire de France"
        },
        {
            "name": "Niort",
            "slug": "niort",
            "postalCode": "79000",
            "region": "Nouvelle-Aquitaine",
            "monument": "le donjon de Niort",
            "landmark": "le marais poitevin",
            "specificity": "capitale française des mutuelles d'assurance"
        },
        {
            "name": "Cholet",
            "slug": "cholet",
            "postalCode": "49300",
            "region": "Pays de la Loire",
            "monument": "le musée d'Art et d'Histoire",
            "landmark": "les Mouchoirs de Cholet",
            "specificity": "capitale du textile et des guerres de Vendée"
        },
        {
            "name": "Évreux",
            "slug": "evreux",
            "postalCode": "27000",
            "region": "Normandie",
            "monument": "la cathédrale Notre-Dame",
            "landmark": "le beffroi médiéval",
            "specificity": "préfecture de l'Eure au riche patrimoine"
        },
        {
            "name": "Noisy-le-Grand",
            "slug": "noisy-le-grand",
            "postalCode": "93160",
            "region": "Île-de-France",
            "monument": "les Arènes de Picasso",
            "landmark": "les Espaces d'Abraxas",
            "specificity": "ville d'architecture postmoderne iconique"
        },
        {
            "name": "Fréjus",
            "slug": "frejus",
            "postalCode": "83600",
            "region": "Provence-Alpes-Côte d'Azur",
            "monument": "les arènes romaines",
            "landmark": "la cité épiscopale",
            "specificity": "cité romaine sur la Côte d'Azur"
        },
        {
            "name": "Brive-la-Gaillarde",
            "slug": "brive-la-gaillarde",
            "postalCode": "19100",
            "region": "Nouvelle-Aquitaine",
            "monument": "la collégiale Saint-Martin",
            "landmark": "le marché de Brive",
            "specificity": "porte de la Corrèze et ville gourmande"
        },
        {
            "name": "Albi",
            "slug": "albi",
            "postalCode": "81000",
            "region": "Occitanie",
            "monument": "la cathédrale Sainte-Cécile",
            "landmark": "le musée Toulouse-Lautrec",
            "specificity": "cité épiscopale classée au patrimoine mondial"
        },
        {
            "name": "Épinal",
            "slug": "epinal",
            "postalCode": "88000",
            "region": "Grand Est",
            "monument": "l'imagerie d'Épinal",
            "landmark": "la place des Vosges",
            "specificity": "capitale de l'image et des Vosges"
        },
        {
            "name": "Tarbes",
            "slug": "tarbes",
            "postalCode": "65000",
            "region": "Occitanie",
            "monument": "le Jardin Massey",
            "landmark": "le Haras National",
            "specificity": "porte des Pyrénées et ville équestre"
        },
        {
            "name": "Blois",
            "slug": "blois",
            "postalCode": "41000",
            "region": "Centre-Val de Loire",
            "monument": "le château royal de Blois",
            "landmark": "l'escalier François Ier",
            "specificity": "ville royale au cœur des châteaux de la Loire"
        },
        {
            "name": "Compiègne",
            "slug": "compiegne",
            "postalCode": "60200",
            "region": "Hauts-de-France",
            "monument": "le château impérial",
            "landmark": "la forêt de Compiègne",
            "specificity": "résidence des rois et des empereurs"
        },
        {
            "name": "Arles",
            "slug": "arles",
            "postalCode": "13200",
            "region": "Provence-Alpes-Côte d'Azur",
            "monument": "les Arènes",
            "landmark": "le théâtre antique",
            "specificity": "cité romaine classée UNESCO et ville de Van Gogh"
        },
        {
            "name": "Bastia",
            "slug": "bastia",
            "postalCode": "20200",
            "region": "Corse",
            "monument": "la citadelle Terra-Nova",
            "landmark": "le Vieux-Port",
            "specificity": "capitale économique de la Corse"
        },
        {
            "name": "Gap",
            "slug": "gap",
            "postalCode": "05000",
            "region": "Provence-Alpes-Côte d'Azur",
            "monument": "la cathédrale Notre-Dame-et-Saint-Arnoux",
            "landmark": "le lac de Serre-Ponçon",
            "specificity": "préfecture des Hautes-Alpes au cœur des montagnes"
        },
        {
            "name": "Montauban",
            "slug": "montauban",
            "postalCode": "82000",
            "region": "Occitanie",
            "monument": "le musée Ingres-Bourdelle",
            "landmark": "la place Nationale",
            "specificity": "ville rose du Quercy blanc"
        },
        {
            "name": "Agen",
            "slug": "agen",
            "postalCode": "47000",
            "region": "Nouvelle-Aquitaine",
            "monument": "la cathédrale Saint-Caprais",
            "landmark": "le pont-canal d'Agen",
            "specificity": "capitale du pruneau et du rugby"
        },
        {
            "name": "Aurillac",
            "slug": "aurillac",
            "postalCode": "15000",
            "region": "Auvergne-Rhône-Alpes",
            "monument": "le château Saint-Étienne",
            "landmark": "les volcans du Cantal",
            "specificity": "capitale du parapluie et du théâtre de rue"
        },
        {
            "name": "Carcassonne",
            "slug": "carcassonne",
            "postalCode": "11000",
            "region": "Occitanie",
            "monument": "la Cité médiévale fortifiée",
            "landmark": "le canal du Midi",
            "specificity": "plus grande forteresse médiévale d'Europe"
        },
        {
            "name": "Laval",
            "slug": "laval",
            "postalCode": "53000",
            "region": "Pays de la Loire",
            "monument": "le vieux château",
            "landmark": "le Bateau-Lavoir sur la Mayenne",
            "specificity": "cité d'art naïf au patrimoine médiéval"
        },
        {
            "name": "Mâcon",
            "slug": "macon",
            "postalCode": "71000",
            "region": "Bourgogne-Franche-Comté",
            "monument": "le Vieux Saint-Vincent",
            "landmark": "les quais de Saône",
            "specificity": "capitale du vin de Bourgogne du Sud"
        },
        {
            "name": "Angoulême",
            "slug": "angouleme",
            "postalCode": "16000",
            "region": "Nouvelle-Aquitaine",
            "monument": "la cathédrale Saint-Pierre",
            "landmark": "les murs peints BD",
            "specificity": "capitale mondiale de la bande dessinée"
        },
        {
            "name": "Salon-de-Provence",
            "slug": "salon-de-provence",
            "postalCode": "13300",
            "region": "Provence-Alpes-Côte d'Azur",
            "monument": "le château de l'Empéri",
            "landmark": "la fontaine moussue",
            "specificity": "ville de Nostradamus et de la Patrouille de France"
        },
        {
            "name": "Fréjus",
            "slug": "frejus",
            "postalCode": "83600",
            "region": "Provence-Alpes-Côte d'Azur",
            "monument": "les arènes romaines",
            "landmark": "la cité épiscopale",
            "specificity": "cité romaine sur la Côte d'Azur"
        },
        {
            "name": "Sarcelles",
            "slug": "sarcelles",
            "postalCode": "95200",
            "region": "Île-de-France",
            "monument": "l'église Saint-Pierre-Saint-Paul",
            "landmark": "le grand ensemble des années 60",
            "specificity": "ville multiculturelle aux portes de Paris"
        },
        {
            "name": "Neuilly-sur-Seine",
            "slug": "neuilly-sur-seine",
            "postalCode": "92200",
            "region": "Île-de-France",
            "monument": "l'île de la Jatte",
            "landmark": "le boulevard du Château",
            "specificity": "ville résidentielle huppée aux portes de Paris"
        },
        {
            "name": "Le Blanc-Mesnil",
            "slug": "le-blanc-mesnil",
            "postalCode": "93150",
            "region": "Île-de-France",
            "monument": "le parc Jacques Duclos",
            "landmark": "le musée de l'Air et de l'Espace",
            "specificity": "ville dynamique proche de l'aéroport du Bourget"
        },
        {
            "name": "Niort",
            "slug": "niort",
            "postalCode": "79000",
            "region": "Nouvelle-Aquitaine",
            "monument": "le donjon de Niort",
            "landmark": "le marais poitevin",
            "specificity": "capitale française des mutuelles d'assurance"
        },
        {
            "name": "Chambéry",
            "slug": "chambery",
            "postalCode": "73000",
            "region": "Auvergne-Rhône-Alpes",
            "monument": "le château des Ducs de Savoie",
            "landmark": "la fontaine des Éléphants",
            "specificity": "ancienne capitale du duché de Savoie"
        },
        {
            "name": "Maisons-Alfort",
            "slug": "maisons-alfort",
            "postalCode": "94700",
            "region": "Île-de-France",
            "monument": "l'École nationale vétérinaire",
            "landmark": "le musée Fragonard",
            "specificity": "ville vétérinaire historique au bord de la Marne"
        },
        {
            "name": "Pantin",
            "slug": "pantin",
            "postalCode": "93500",
            "region": "Île-de-France",
            "monument": "l'église Saint-Germain-l'Auxerrois",
            "landmark": "le canal de l'Ourcq",
            "specificity": "ville créative et artistique de l'Est parisien"
        },
        {
            "name": "Villeneuve-d'Ascq",
            "slug": "villeneuve-d-ascq",
            "postalCode": "59650",
            "region": "Hauts-de-France",
            "monument": "le musée d'Art Moderne LaM",
            "landmark": "le parc du Héron",
            "specificity": "technopole verte de la métropole lilloise"
        },
        {
            "name": "Hyères",
            "slug": "hyeres",
            "postalCode": "83400",
            "region": "Provence-Alpes-Côte d'Azur",
            "monument": "la villa Noailles",
            "landmark": "les îles d'Or (Porquerolles)",
            "specificity": "première station climatique et balnéaire de France"
        },
        {
            "name": "Troyes",
            "slug": "troyes",
            "postalCode": "10000",
            "region": "Grand Est",
            "monument": "la cathédrale Saint-Pierre-et-Saint-Paul",
            "landmark": "le bouchon de champagne (vieille ville)",
            "specificity": "capitale historique de la Champagne aux maisons à colombages"
        },
        {
            "name": "Montauban",
            "slug": "montauban",
            "postalCode": "82000",
            "region": "Occitanie",
            "monument": "le musée Ingres-Bourdelle",
            "landmark": "la place Nationale",
            "specificity": "ville rose du Quercy blanc"
        },
        {
            "name": "La Seyne-sur-Mer",
            "slug": "la-seyne-sur-mer",
            "postalCode": "83500",
            "region": "Provence-Alpes-Côte d'Azur",
            "monument": "le fort Balaguier",
            "landmark": "les plages des Sablettes",
            "specificity": "ancienne cité navale de la rade de Toulon"
        },
        {
            "name": "Cayenne",
            "slug": "cayenne",
            "postalCode": "97300",
            "region": "Guyane",
            "monument": "la place des Palmistes",
            "landmark": "le fort Cépérou",
            "specificity": "capitale de la Guyane française en Amazonie"
        },
        {
            "name": "Meaux",
            "slug": "meaux",
            "postalCode": "77100",
            "region": "Île-de-France",
            "monument": "la cathédrale Saint-Étienne",
            "landmark": "le musée de la Grande Guerre",
            "specificity": "ville épiscopale de Bossuet et capitale du Brie"
        },
        {
            "name": "Antony",
            "slug": "antony",
            "postalCode": "92160",
            "region": "Île-de-France",
            "monument": "le parc de Sceaux",
            "landmark": "la Croix de Berny",
            "specificity": "ville résidentielle verdoyante du sud parisien"
        },
        {
            "name": "Blois",
            "slug": "blois",
            "postalCode": "41000",
            "region": "Centre-Val de Loire",
            "monument": "le château royal de Blois",
            "landmark": "l'escalier François Ier",
            "specificity": "ville royale au cœur des châteaux de la Loire"
        },
        {
            "name": "Bourges",
            "slug": "bourges",
            "postalCode": "18000",
            "region": "Centre-Val de Loire",
            "monument": "la cathédrale Saint-Étienne",
            "landmark": "le Palais Jacques-Cœur",
            "specificity": "capitale du Berry et ville d'art"
        },
        {
            "name": "Vincennes",
            "slug": "vincennes",
            "postalCode": "94300",
            "region": "Île-de-France",
            "monument": "le château de Vincennes",
            "landmark": "le bois de Vincennes",
            "specificity": "ville royale aux portes de Paris"
        },
        {
            "name": "Valence",
            "slug": "valence",
            "postalCode": "26000",
            "region": "Auvergne-Rhône-Alpes",
            "monument": "la maison des Têtes",
            "landmark": "le parc Jouvet",
            "specificity": "porte du Midi sur le Rhône"
        },
        {
            "name": "Ivry-sur-Seine",
            "slug": "ivry-sur-seine",
            "postalCode": "94200",
            "region": "Île-de-France",
            "monument": "le château d'Ivry",
            "landmark": "la manufacture des Œillets",
            "specificity": "ville d'art contemporain et d'histoire ouvrière"
        },
        {
            "name": "Quimper",
            "slug": "quimper",
            "postalCode": "29000",
            "region": "Bretagne",
            "monument": "la cathédrale Saint-Corentin",
            "landmark": "les faïenceries de Quimper",
            "specificity": "capitale de la Cornouaille et de l'art breton"
        },
        {
            "name": "Clamart",
            "slug": "clamart",
            "postalCode": "92140",
            "region": "Île-de-France",
            "monument": "la forêt de Meudon",
            "landmark": "le Trivium",
            "specificity": "ville verte aux portes de Paris"
        },
        {
            "name": "Clichy",
            "slug": "clichy",
            "postalCode": "92110",
            "region": "Île-de-France",
            "monument": "le pavillon Vendôme",
            "landmark": "les bords de Seine",
            "specificity": "ville dynamique de la proche banlieue parisienne"
        },
        {
            "name": "Cholet",
            "slug": "cholet",
            "postalCode": "49300",
            "region": "Pays de la Loire",
            "monument": "le musée d'Art et d'Histoire",
            "landmark": "les Mouchoirs de Cholet",
            "specificity": "capitale du textile et des guerres de Vendée"
        },
        {
            "name": "Villejuif",
            "slug": "villejuif",
            "postalCode": "94800",
            "region": "Île-de-France",
            "monument": "l'Institut Gustave Roussy",
            "landmark": "le parc des Hautes-Bruyères",
            "specificity": "pôle médical et de recherche contre le cancer"
        },
        {
            "name": "Épinay-sur-Seine",
            "slug": "epinay-sur-seine",
            "postalCode": "93800",
            "region": "Île-de-France",
            "monument": "les studios d'Épinay",
            "landmark": "les bords de Seine",
            "specificity": "berceau du cinéma français"
        },
        {
            "name": "Maisons-Laffitte",
            "slug": "maisons-laffitte",
            "postalCode": "78600",
            "region": "Île-de-France",
            "monument": "le château de Maisons",
            "landmark": "l'hippodrome",
            "specificity": "cité du cheval et de Mansart"
        },
        {
            "name": "Bondy",
            "slug": "bondy",
            "postalCode": "93140",
            "region": "Île-de-France",
            "monument": "l'église Saint-Pierre",
            "landmark": "le canal de l'Ourcq",
            "specificity": "ville multiculturelle de la Seine-Saint-Denis"
        },
        {
            "name": "Rezé",
            "slug": "reze",
            "postalCode": "44400",
            "region": "Pays de la Loire",
            "monument": "la Cité Radieuse de Le Corbusier",
            "landmark": "le port de pêche de Trentemoult",
            "specificity": "ville d'architecture moderne au sud de Nantes"
        },
        {
            "name": "Chartres",
            "slug": "chartres",
            "postalCode": "28000",
            "region": "Centre-Val de Loire",
            "monument": "la cathédrale Notre-Dame",
            "landmark": "les vitraux médiévaux",
            "specificity": "chef-d'œuvre mondial de l'art gothique"
        },
        {
            "name": "Arles",
            "slug": "arles",
            "postalCode": "13200",
            "region": "Provence-Alpes-Côte d'Azur",
            "monument": "les Arènes",
            "landmark": "le théâtre antique",
            "specificity": "cité romaine classée UNESCO et ville de Van Gogh"
        },
        {
            "name": "Saint-Quentin",
            "slug": "saint-quentin",
            "postalCode": "02100",
            "region": "Hauts-de-France",
            "monument": "la basilique Saint-Quentin",
            "landmark": "l'Hôtel de Ville Art déco",
            "specificity": "ville d'Art déco et de patrimoine industriel"
        },
        {
            "name": "Le Cannet",
            "slug": "le-cannet",
            "postalCode": "06110",
            "region": "Provence-Alpes-Côte d'Azur",
            "monument": "le musée Bonnard",
            "landmark": "le vieux Cannet",
            "specificity": "ville d'art sur les hauteurs de Cannes"
        },
        {
            "name": "Beauvais",
            "slug": "beauvais",
            "postalCode": "60000",
            "region": "Hauts-de-France",
            "monument": "la cathédrale Saint-Pierre",
            "landmark": "l'horloge astronomique",
            "specificity": "ville de la tapisserie et du gothique"
        },
        {
            "name": "Grasse",
            "slug": "grasse",
            "postalCode": "06130",
            "region": "Provence-Alpes-Côte d'Azur",
            "monument": "le musée international de la Parfumerie",
            "landmark": "les champs de fleurs",
            "specificity": "capitale mondiale du parfum"
        },
        {
            "name": "Aubagne",
            "slug": "aubagne",
            "postalCode": "13400",
            "region": "Provence-Alpes-Côte d'Azur",
            "monument": "le musée de la Légion étrangère",
            "landmark": "les collines de Marcel Pagnol",
            "specificity": "ville de la céramique et de Marcel Pagnol"
        },
        {
            "name": "Saint-Priest",
            "slug": "saint-priest",
            "postalCode": "69800",
            "region": "Auvergne-Rhône-Alpes",
            "monument": "le fort de Saint-Priest",
            "landmark": "le parc de Parilly",
            "specificity": "ville dynamique de l'Est lyonnais"
        },
        {
            "name": "Laval",
            "slug": "laval",
            "postalCode": "53000",
            "region": "Pays de la Loire",
            "monument": "le vieux château",
            "landmark": "le Bateau-Lavoir sur la Mayenne",
            "specificity": "cité d'art naïf au patrimoine médiéval"
        },
        {
            "name": "Montrouge",
            "slug": "montrouge",
            "postalCode": "92120",
            "region": "Île-de-France",
            "monument": "l'église Saint-Jacques-le-Majeur",
            "landmark": "le beffroi de l'Hôtel de Ville",
            "specificity": "ville conviviale aux portes de Paris"
        },
        {
            "name": "Talence",
            "slug": "talence",
            "postalCode": "33400",
            "region": "Nouvelle-Aquitaine",
            "monument": "le château de Thouars",
            "landmark": "le campus universitaire",
            "specificity": "ville universitaire de la métropole bordelaise"
        },
        {
            "name": "Brive-la-Gaillarde",
            "slug": "brive-la-gaillarde",
            "postalCode": "19100",
            "region": "Nouvelle-Aquitaine",
            "monument": "la collégiale Saint-Martin",
            "landmark": "le marché de Brive",
            "specificity": "porte de la Corrèze et ville gourmande"
        },
        {
            "name": "Cagnes-sur-Mer",
            "slug": "cagnes-sur-mer",
            "postalCode": "06800",
            "region": "Provence-Alpes-Côte d'Azur",
            "monument": "le château-musée Grimaldi",
            "landmark": "le domaine des Collettes (maison Renoir)",
            "specificity": "ville d'art entre mer et collines"
        },
        {
            "name": "Carcassonne",
            "slug": "carcassonne",
            "postalCode": "11000",
            "region": "Occitanie",
            "monument": "la Cité médiévale fortifiée",
            "landmark": "le canal du Midi",
            "specificity": "plus grande forteresse médiévale d'Europe"
        },
        {
            "name": "Compiègne",
            "slug": "compiegne",
            "postalCode": "60200",
            "region": "Hauts-de-France",
            "monument": "le château impérial",
            "landmark": "la forêt de Compiègne",
            "specificity": "résidence des rois et des empereurs"
        },
        {
            "name": "Belfort",
            "slug": "belfort",
            "postalCode": "90000",
            "region": "Bourgogne-Franche-Comté",
            "monument": "le Lion de Belfort",
            "landmark": "la citadelle Vauban",
            "specificity": "ville héroïque de la Porte de Bourgogne"
        },
        {
            "name": "Alfortville",
            "slug": "alfortville",
            "postalCode": "94140",
            "region": "Île-de-France",
            "monument": "l'église Saint-Germain",
            "landmark": "le confluent Seine-Marne",
            "specificity": "ville fluviale aux confluences historiques"
        },
        {
            "name": "Castres",
            "slug": "castres",
            "postalCode": "81100",
            "region": "Occitanie",
            "monument": "le musée Goya",
            "landmark": "les maisons sur l'Agout",
            "specificity": "ville d'art et de rugby au pied de la Montagne Noire"
        },
        {
            "name": "Melun",
            "slug": "melun",
            "postalCode": "77000",
            "region": "Île-de-France",
            "monument": "la collégiale Notre-Dame",
            "landmark": "l'île Saint-Étienne",
            "specificity": "préfecture de Seine-et-Marne sur une île de Seine"
        },
        {
            "name": "Mantes-la-Jolie",
            "slug": "mantes-la-jolie",
            "postalCode": "78200",
            "region": "Île-de-France",
            "monument": "la collégiale Notre-Dame",
            "landmark": "le Vieux Mantes",
            "specificity": "ville royale sur les bords de Seine"
        },
        {
            "name": "Puteaux",
            "slug": "puteaux",
            "postalCode": "92800",
            "region": "Île-de-France",
            "monument": "l'île de Puteaux",
            "landmark": "le quartier de La Défense",
            "specificity": "ville aux pieds des tours de La Défense"
        },
        {
            "name": "Tarbes",
            "slug": "tarbes",
            "postalCode": "65000",
            "region": "Occitanie",
            "monument": "le Jardin Massey",
            "landmark": "le Haras National",
            "specificity": "porte des Pyrénées et ville équestre"
        },
        {
            "name": "Angoulême",
            "slug": "angouleme",
            "postalCode": "16000",
            "region": "Nouvelle-Aquitaine",
            "monument": "la cathédrale Saint-Pierre",
            "landmark": "les murs peints BD",
            "specificity": "capitale mondiale de la bande dessinée"
        },
        {
            "name": "Suresnes",
            "slug": "suresnes",
            "postalCode": "92150",
            "region": "Île-de-France",
            "monument": "le mémorial du Mont-Valérien",
            "landmark": "les terrasses de Suresnes",
            "specificity": "ville de mémoire et de vignobles"
        },
        {
            "name": "Martigues",
            "slug": "martigues",
            "postalCode": "13500",
            "region": "Provence-Alpes-Côte d'Azur",
            "monument": "le quartier du Miroir aux Oiseaux",
            "landmark": "l'étang de Berre",
            "specificity": "la Venise provençale"
        },
        {
            "name": "Bourg-en-Bresse",
            "slug": "bourg-en-bresse",
            "postalCode": "01000",
            "region": "Auvergne-Rhône-Alpes",
            "monument": "le monastère royal de Brou",
            "landmark": "les Halles",
            "specificity": "capitale de la volaille de Bresse"
        },
        {
            "name": "Saint-Malo",
            "slug": "saint-malo",
            "postalCode": "35400",
            "region": "Bretagne",
            "monument": "les remparts de la cité corsaire",
            "landmark": "le Grand Bé",
            "specificity": "cité corsaire légendaire sur la Manche"
        },
        {
            "name": "Évreux",
            "slug": "evreux",
            "postalCode": "27000",
            "region": "Normandie",
            "monument": "la cathédrale Notre-Dame",
            "landmark": "le beffroi médiéval",
            "specificity": "préfecture de l'Eure au riche patrimoine"
        },
        {
            "name": "Garges-lès-Gonesse",
            "slug": "garges-les-gonesse",
            "postalCode": "95140",
            "region": "Île-de-France",
            "monument": "l'église Saint-Martin",
            "landmark": "le parc de la Courneuve",
            "specificity": "ville populaire du Val-d'Oise"
        },
        {
            "name": "Sevran",
            "slug": "sevran",
            "postalCode": "93270",
            "region": "Île-de-France",
            "monument": "le parc forestier de la Poudrerie",
            "landmark": "le canal de l'Ourcq",
            "specificity": "ville verte de Seine-Saint-Denis"
        },
        {
            "name": "Massy",
            "slug": "massy",
            "postalCode": "91300",
            "region": "Île-de-France",
            "monument": "l'Opéra de Massy",
            "landmark": "le parc de la Corneille",
            "specificity": "carrefour ferroviaire et pôle économique du sud parisien"
        },
        {
            "name": "Saint-Brieuc",
            "slug": "saint-brieuc",
            "postalCode": "22000",
            "region": "Bretagne",
            "monument": "la cathédrale Saint-Étienne",
            "landmark": "la baie de Saint-Brieuc",
            "specificity": "préfecture des Côtes-d'Armor et ville de caractère"
        },
        {
            "name": "Charleville-Mézières",
            "slug": "charleville-mezieres",
            "postalCode": "08000",
            "region": "Grand Est",
            "monument": "la place Ducale",
            "landmark": "le musée Arthur Rimbaud",
            "specificity": "ville de Rimbaud et des marionnettes"
        },
        {
            "name": "Gennevilliers",
            "slug": "gennevilliers",
            "postalCode": "92230",
            "region": "Île-de-France",
            "monument": "le port de Gennevilliers",
            "landmark": "le théâtre de Gennevilliers",
            "specificity": "premier port fluvial de France"
        },
        {
            "name": "Istres",
            "slug": "istres",
            "postalCode": "13800",
            "region": "Provence-Alpes-Côte d'Azur",
            "monument": "le centre ancien",
            "landmark": "l'étang de Berre",
            "specificity": "ville entre étangs et base aérienne"
        },
        {
            "name": "Saint-Ouen-sur-Seine",
            "slug": "saint-ouen-sur-seine",
            "postalCode": "93400",
            "region": "Île-de-France",
            "monument": "le château de Saint-Ouen",
            "landmark": "les Puces de Saint-Ouen",
            "specificity": "capitale mondiale des antiquaires"
        },
        {
            "name": "Corbeil-Essonnes",
            "slug": "corbeil-essonnes",
            "postalCode": "91100",
            "region": "Île-de-France",
            "monument": "la cathédrale Saint-Spire",
            "landmark": "les grands moulins industriels",
            "specificity": "ville historique au confluent Seine-Essonne"
        },
        {
            "name": "Thionville",
            "slug": "thionville",
            "postalCode": "57100",
            "region": "Grand Est",
            "monument": "le beffroi et la tour aux Puces",
            "landmark": "le parc Napoléon",
            "specificity": "ville fortifiée de Lorraine"
        },
        {
            "name": "Chelles",
            "slug": "chelles",
            "postalCode": "77500",
            "region": "Île-de-France",
            "monument": "l'abbaye royale de Chelles",
            "landmark": "les bords de Marne",
            "specificity": "ancienne abbaye royale aux portes de Paris"
        },
        {
            "name": "Vannes",
            "slug": "vannes",
            "postalCode": "56000",
            "region": "Bretagne",
            "monument": "les remparts médiévaux",
            "landmark": "le port de plaisance",
            "specificity": "porte du Golfe du Morbihan"
        },
        {
            "name": "Montélimar",
            "slug": "montelimar",
            "postalCode": "26200",
            "region": "Auvergne-Rhône-Alpes",
            "monument": "le château des Adhémar",
            "landmark": "les fabriques de nougat",
            "specificity": "capitale mondiale du nougat"
        },
        {
            "name": "Savigny-sur-Orge",
            "slug": "savigny-sur-orge",
            "postalCode": "91600",
            "region": "Île-de-France",
            "monument": "le château de Savigny",
            "landmark": "le parc de Morsang",
            "specificity": "ville résidentielle verdoyante de l'Essonne"
        },
        {
            "name": "Bagneux",
            "slug": "bagneux",
            "postalCode": "92220",
            "region": "Île-de-France",
            "monument": "l'église Saint-Hermeland",
            "landmark": "le cimetière parisien de Bagneux",
            "specificity": "ville en pleine mutation urbaine"
        },
        {
            "name": "Pontault-Combault",
            "slug": "pontault-combault",
            "postalCode": "77340",
            "region": "Île-de-France",
            "monument": "l'église Saint-Martin",
            "landmark": "la forêt Notre-Dame",
            "specificity": "ville familiale aux portes de la Brie"
        },
        {
            "name": "Châteauroux",
            "slug": "chateauroux",
            "postalCode": "36000",
            "region": "Centre-Val de Loire",
            "monument": "le château Raoul",
            "landmark": "le musée Bertrand",
            "specificity": "préfecture de l'Indre au cœur du Berry"
        },
        {
            "name": "Alès",
            "slug": "ales",
            "postalCode": "30100",
            "region": "Occitanie",
            "monument": "le fort Vauban",
            "landmark": "la mine-témoin",
            "specificity": "ancienne capitale des Cévennes minières"
        },
        {
            "name": "Livry-Gargan",
            "slug": "livry-gargan",
            "postalCode": "93190",
            "region": "Île-de-France",
            "monument": "l'abbaye de Livry",
            "landmark": "le parc de la Mairie",
            "specificity": "ville verte de Seine-Saint-Denis"
        },
        {
            "name": "Lens",
            "slug": "lens",
            "postalCode": "62300",
            "region": "Hauts-de-France",
            "monument": "le Louvre-Lens",
            "landmark": "les terrils",
            "specificity": "ville du patrimoine minier et du Louvre"
        },
        {
            "name": "Douai",
            "slug": "douai",
            "postalCode": "59500",
            "region": "Hauts-de-France",
            "monument": "le beffroi de Douai",
            "landmark": "les géants Gayant",
            "specificity": "ville des géants et du patrimoine minier"
        },
        {
            "name": "La Courneuve",
            "slug": "la-courneuve",
            "postalCode": "93120",
            "region": "Île-de-France",
            "monument": "le parc Georges-Valbon",
            "landmark": "la basilique du Sacré-Cœur",
            "specificity": "ville verte de Seine-Saint-Denis"
        },
        {
            "name": "Boulogne-sur-Mer",
            "slug": "boulogne-sur-mer",
            "postalCode": "62200",
            "region": "Hauts-de-France",
            "monument": "la ville haute fortifiée",
            "landmark": "Nausicaá (Centre National de la Mer)",
            "specificity": "premier port de pêche de France"
        },
        {
            "name": "Valenciennes",
            "slug": "valenciennes",
            "postalCode": "59300",
            "region": "Hauts-de-France",
            "monument": "le musée des Beaux-Arts",
            "landmark": "la place d'Armes",
            "specificity": "l'Athènes du Nord et ville d'art"
        },
        {
            "name": "Villefranche-sur-Saône",
            "slug": "villefranche-sur-saone",
            "postalCode": "69400",
            "region": "Auvergne-Rhône-Alpes",
            "monument": "l'église Notre-Dame-des-Marais",
            "landmark": "la rue Nationale",
            "specificity": "capitale du Beaujolais"
        },
        {
            "name": "Gap",
            "slug": "gap",
            "postalCode": "05000",
            "region": "Provence-Alpes-Côte d'Azur",
            "monument": "la cathédrale Notre-Dame-et-Saint-Arnoux",
            "landmark": "le lac de Serre-Ponçon",
            "specificity": "préfecture des Hautes-Alpes au cœur des montagnes"
        },
        {
            "name": "Annemasse",
            "slug": "annemasse",
            "postalCode": "74100",
            "region": "Auvergne-Rhône-Alpes",
            "monument": "la villa du Parc",
            "landmark": "le mont Salève",
            "specificity": "ville frontalière aux portes de Genève"
        },
        {
            "name": "Marignane",
            "slug": "marignane",
            "postalCode": "13700",
            "region": "Provence-Alpes-Côte d'Azur",
            "monument": "le château des Covet",
            "landmark": "l'aéroport Marseille-Provence",
            "specificity": "berceau de l'industrie aéronautique Airbus Helicopters"
        },
        {
            "name": "Haguenau",
            "slug": "haguenau",
            "postalCode": "67500",
            "region": "Grand Est",
            "monument": "le musée historique",
            "landmark": "la forêt de Haguenau",
            "specificity": "quatrième ville d'Alsace et sa grande forêt"
        },
        {
            "name": "Schiltigheim",
            "slug": "schiltigheim",
            "postalCode": "67300",
            "region": "Grand Est",
            "monument": "les anciennes brasseries",
            "landmark": "le quartier des brasseurs",
            "specificity": "ancienne capitale de la bière d'Alsace"
        },
        {
            "name": "Dieppe",
            "slug": "dieppe",
            "postalCode": "76200",
            "region": "Normandie",
            "monument": "le château-musée",
            "landmark": "le port de pêche",
            "specificity": "plus ancienne station balnéaire de France"
        },
        {
            "name": "Bastia",
            "slug": "bastia",
            "postalCode": "20200",
            "region": "Corse",
            "monument": "la citadelle Terra-Nova",
            "landmark": "le Vieux-Port",
            "specificity": "capitale économique de la Corse"
        },
        {
            "name": "Viry-Châtillon",
            "slug": "viry-chatillon",
            "postalCode": "91170",
            "region": "Île-de-France",
            "monument": "le château de Viry",
            "landmark": "les bords de Seine",
            "specificity": "ville résidentielle au sud de Paris"
        },
        {
            "name": "Franconville",
            "slug": "franconville",
            "postalCode": "95130",
            "region": "Île-de-France",
            "monument": "l'église Saint-Martin",
            "landmark": "le parc Cadet-de-Vaux",
            "specificity": "ville paisible du Val-d'Oise"
        },
        {
            "name": "Athis-Mons",
            "slug": "athis-mons",
            "postalCode": "91200",
            "region": "Île-de-France",
            "monument": "le château d'Athis",
            "landmark": "l'aéroport d'Orly",
            "specificity": "ville aéroportuaire aux portes du sud parisien"
        },
        {
            "name": "Sainte-Geneviève-des-Bois",
            "slug": "sainte-genevieve-des-bois",
            "postalCode": "91700",
            "region": "Île-de-France",
            "monument": "le cimetière russe",
            "landmark": "le château de Sainte-Geneviève",
            "specificity": "ville à l'importante communauté russe historique"
        },
        {
            "name": "Villepinte",
            "slug": "villepinte",
            "postalCode": "93420",
            "region": "Île-de-France",
            "monument": "le parc des Expositions",
            "landmark": "le parc de la Noue",
            "specificity": "capitale française des salons et congrès"
        },
        {
            "name": "Romans-sur-Isère",
            "slug": "romans-sur-isere",
            "postalCode": "26100",
            "region": "Auvergne-Rhône-Alpes",
            "monument": "la collégiale Saint-Barnard",
            "landmark": "le musée international de la Chaussure",
            "specificity": "capitale française de la chaussure de luxe"
        },
        {
            "name": "Fontainebleau",
            "slug": "fontainebleau",
            "postalCode": "77300",
            "region": "Île-de-France",
            "monument": "le château de Fontainebleau",
            "landmark": "la forêt de Fontainebleau",
            "specificity": "résidence royale et impériale classée UNESCO"
        },
        {
            "name": "Le Perreux-sur-Marne",
            "slug": "le-perreux-sur-marne",
            "postalCode": "94170",
            "region": "Île-de-France",
            "monument": "le Théâtre des Bords de Marne",
            "landmark": "les bords de Marne",
            "specificity": "ville champêtre aux portes de Paris"
        },
        {
            "name": "Six-Fours-les-Plages",
            "slug": "six-fours-les-plages",
            "postalCode": "83140",
            "region": "Provence-Alpes-Côte d'Azur",
            "monument": "le fort de Six-Fours",
            "landmark": "la presqu'île du Cap Sicié",
            "specificity": "ville balnéaire entre Bandol et Toulon"
        }
    ],
    "services": [
        {
            "name": "Voyance Amour",
            "slug": "voyance-amour",
            "pillarPage": "/consultations/amour-retour-affectif/",
            "description": "voyance sentimentale et guidance amoureuse",
            "icon": "heart"
        },
        {
            "name": "Voyance Téléphone",
            "slug": "voyance-telephone",
            "pillarPage": "/consulter/voyance-telephone/",
            "description": "consultation de voyance par téléphone",
            "icon": "phone"
        },
        {
            "name": "Voyance Audiotel",
            "slug": "voyance-audiotel",
            "pillarPage": "/consulter/voyance-audiotel/",
            "description": "voyance sans carte bancaire par audiotel",
            "icon": "phone-volume"
        },
        {
            "name": "Voyance Gratuite",
            "slug": "voyance-gratuite",
            "pillarPage": "/voyance-gratuite/",
            "description": "consultation de voyance gratuite",
            "icon": "gift"
        },
        {
            "name": "Voyance SMS",
            "slug": "voyance-sms",
            "pillarPage": "/consulter/voyance-sms/",
            "description": "consultation de voyance immédiate par SMS",
            "icon": "comment-sms"
        },
        {
            "name": "Voyance Chat",
            "slug": "voyance-chat",
            "pillarPage": "/consulter/voyance-chat/",
            "description": "voyance en direct par tchat",
            "icon": "comments"
        }
    ]
}